ID,WR_L4,WR_MOST_L4,RD_L4,Sum_Effi,D64_W33,D64_W50,D64_W66,D128_W33,D128_W50,D128_W66,D256_W33,D256_W50,D256_W66
1,42,44,19,614.61,44.36,45.43,45.51,77.95,74.53,71.85,88.42,84.53,82.03
2,42,44,21,617.86,45.16,46.44,45.8,78.58,75.44,72.58,87.65,84.05,82.16
3,42,44,23,620.4,45.89,47.15,46.22,78.93,76.09,72.88,87.08,83.74,82.42
4,42,44,25,626.9,48.5,47.8,46.63,80.39,76.31,73.77,86.69,84.08,82.73
5,42,44,27,625.4,48.31,48.15,46.87,80.36,76.08,73.48,85.84,83.53,82.78
6,42,44,29,628.53,49.24,48.37,47.15,80.25,76.4,74.04,86.17,83.39,83.52
7,42,44,31,580.09,0.0,48.57,47.55,80.9,76.27,73.86,86.71,83.5,82.73
8,42,44,33,632.04,50.46,48.95,47.61,81.13,76.23,74.14,86.37,83.58,83.57
9,42,48,19,622.69,44.27,46.62,46.35,78.75,76.27,73.05,88.87,85.61,82.9
10,42,48,21,628.07,45.92,47.08,46.57,80.21,76.08,73.87,89.42,85.8,83.12
11,42,48,23,630.23,47.64,47.81,46.95,80.44,77.03,74.27,87.76,85.66,82.67
12,42,48,25,631.89,48.39,48.28,47.26,80.96,77.12,74.42,87.57,84.7,83.19
13,42,48,27,631.9,49.52,48.63,47.36,79.49,77.04,74.24,87.25,84.65,83.72
14,42,48,29,635.14,50.31,49.34,47.83,81.33,77.57,74.5,87.61,83.95,82.7
15,42,48,31,638.37,50.68,49.44,48.06,80.78,77.73,74.66,87.77,85.43,83.82
16,42,48,33,638.31,50.83,49.55,48.01,81.1,77.38,74.91,87.63,84.99,83.91
17,42,52,19,543.2,45.33,47.44,47.14,78.61,77.02,74.35,89.72,0.0,83.59
18,42,52,21,549.33,47.27,47.52,47.15,79.05,77.79,74.9,89.17,86.48,0.0
19,42,52,23,635.98,47.91,48.73,47.58,80.94,78.35,74.92,87.95,85.99,83.61
20,42,52,25,557.11,49.5,48.9,48.12,0.0,78.37,75.54,87.29,85.84,83.55
21,42,52,27,640.08,49.46,49.32,48.44,81.24,78.53,75.51,88.18,85.88,83.52
22,42,52,29,643.6,51.63,50.23,48.59,81.49,78.39,75.48,88.27,85.77,83.75
23,42,52,31,643.26,51.05,50.09,48.74,81.78,78.07,75.18,88.84,85.14,84.37
24,42,52,33,554.74,51.77,50.12,48.56,81.69,77.85,75.49,0.0,85.65,83.61
25,42,56,19,634.72,46.32,47.81,47.44,78.73,77.85,75.75,89.61,86.85,84.36
26,42,56,21,505.52,0.0,48.74,48.24,80.26,78.49,75.9,89.62,0.0,84.27
27,42,56,23,640.86,49.23,49.04,48.77,80.42,79.04,76.31,87.94,86.5,83.61
28,42,56,25,641.66,49.22,49.57,48.21,81.29,78.56,76.17,88.44,86.25,83.95
29,42,56,27,595.6,50.37,50.04,0.0,81.26,79.35,76.34,88.61,85.38,84.25
30,42,56,29,645.3,51.45,50.22,49.56,81.57,79.34,76.21,87.48,85.62,83.85
31,42,56,31,648.89,51.36,50.83,48.93,81.49,79.1,76.66,89.73,86.21,84.58
32,42,56,33,648.08,51.24,50.3,49.17,81.26,78.95,76.33,89.72,87.0,84.11
33,42,60,19,641.49,47.96,48.31,48.61,79.49,78.1,75.8,90.07,88.06,85.09
34,42,60,21,644.3,48.93,49.16,48.7,80.63,78.64,76.39,88.98,87.43,85.44
35,42,60,23,646.72,49.47,50.11,49.06,80.98,78.74,76.6,89.66,87.09,85.01
36,42,60,25,646.64,49.94,50.05,49.44,81.74,79.57,77.05,87.93,87.04,83.88
37,42,60,27,649.18,49.61,50.16,49.79,81.57,79.56,76.64,90.47,86.53,84.85
38,42,60,29,648.56,49.97,49.94,49.64,81.31,79.25,76.78,89.83,87.22,84.62
39,42,60,31,650.5,50.99,50.14,49.76,81.68,79.13,76.79,89.95,87.09,84.97
40,42,60,33,650.44,50.6,50.04,49.45,80.47,79.12,76.96,90.5,87.94,85.36
41,42,64,19,644.1,48.01,48.91,49.18,79.33,78.2,76.85,89.87,88.03,85.72
42,42,64,21,647.14,49.13,49.68,49.82,79.53,78.9,76.96,89.02,88.04,86.06
43,42,64,23,650.83,49.81,50.28,49.5,81.81,79.59,77.81,89.23,87.45,85.35
44,42,64,25,651.17,50.58,50.19,50.14,80.8,79.61,77.52,88.43,88.23,85.67
45,42,64,27,651.91,50.49,50.52,49.44,81.76,79.92,77.88,89.4,87.08,85.42
46,42,64,29,651.57,50.37,50.28,49.74,81.0,79.64,77.32,89.64,87.87,85.71
47,42,64,31,651.67,50.49,49.99,49.92,81.11,79.47,77.56,90.04,87.41,85.68
48,42,64,33,649.83,50.99,50.09,49.76,79.76,79.0,77.25,89.9,87.23,85.85
49,44,44,19,615.08,44.36,45.9,45.51,77.95,74.53,71.85,88.42,84.53,82.03
50,44,44,21,617.21,45.16,46.31,45.8,78.58,74.92,72.58,87.65,84.05,82.16
51,44,44,23,620.34,45.89,46.95,46.22,78.93,76.23,72.88,87.08,83.74,82.42
52,44,44,25,626.4,48.5,47.75,46.63,80.39,75.86,73.77,86.69,84.08,82.73
53,44,44,27,578.74,48.31,47.96,0.0,80.36,76.48,73.48,85.84,83.53,82.78
54,44,44,29,629.51,49.24,48.63,47.15,80.25,76.64,74.04,86.17,83.87,83.52
55,44,44,31,630.0,50.29,48.61,47.55,80.9,76.2,73.86,86.71,83.15,82.73
56,44,44,33,632.29,50.46,48.98,47.61,81.13,75.98,74.14,86.37,84.05,83.57
57,44,48,19,622.23,44.27,46.16,46.35,78.75,76.27,73.05,88.87,85.61,82.9
58,44,48,21,628.81,45.92,47.38,46.57,80.21,76.52,73.87,89.42,85.8,83.12
59,44,48,23,629.77,47.64,47.31,46.95,80.44,77.07,74.27,87.76,85.66,82.67
60,44,48,25,632.26,48.39,48.67,47.26,80.96,77.1,74.42,87.57,84.7,83.19
61,44,48,27,632.82,49.52,49.01,47.36,79.49,77.58,74.24,87.25,84.65,83.72
62,44,48,29,635.59,49.41,49.68,47.83,81.33,77.42,74.5,87.61,85.11,82.7
63,44,48,31,637.88,50.68,49.48,48.06,80.78,77.61,74.66,87.77,85.02,83.82
64,44,48,33,638.16,50.83,49.78,48.01,81.1,77.44,74.91,87.63,84.55,83.91
65,44,52,19,551.86,45.33,46.72,47.14,78.61,0.0,74.35,89.72,86.4,83.59
66,44,52,21,633.35,47.27,48.3,47.15,79.05,77.53,74.9,89.17,86.48,83.5
67,44,52,23,635.05,47.91,48.57,47.58,80.94,77.58,74.92,87.95,85.99,83.61
68,44,52,25,638.19,49.5,49.3,48.12,81.0,78.05,75.54,87.29,85.84,83.55
69,44,52,27,561.7,49.46,49.47,48.44,81.24,0.0,75.51,88.18,85.88,83.52
70,44,52,29,643.35,51.63,49.77,48.59,81.49,78.7,75.48,88.27,85.67,83.75
71,44,52,31,643.48,51.05,49.97,48.74,81.78,78.33,75.18,88.84,85.22,84.37
72,44,52,33,644.2,51.77,49.84,48.56,81.69,77.84,75.49,89.44,85.96,83.61
73,44,56,19,634.52,46.32,47.61,47.44,78.73,77.85,75.75,89.61,86.85,84.36
74,44,56,21,559.72,48.09,48.72,48.24,0.0,78.25,75.9,89.62,86.63,84.27
75,44,56,23,640.6,49.23,48.91,48.77,80.42,78.91,76.31,87.94,86.5,83.61
76,44,56,25,641.66,49.22,49.32,48.21,81.29,78.81,76.17,88.44,86.25,83.95
77,44,56,27,509.34,50.37,0.0,48.8,81.26,78.58,76.34,88.61,85.38,0.0
78,44,56,29,646.14,51.45,50.59,49.56,81.57,79.44,76.21,87.48,85.99,83.85
79,44,56,31,647.97,51.36,50.3,48.93,81.49,78.9,76.66,89.73,86.02,84.58
80,44,56,33,646.61,51.24,50.17,49.17,81.26,78.59,76.33,89.72,86.02,84.11
81,44,60,19,553.04,47.96,47.92,48.61,79.49,78.1,75.8,90.07,0.0,85.09
82,44,60,21,644.33,48.93,48.99,48.7,80.63,78.84,76.39,88.98,87.43,85.44
83,44,60,23,470.12,49.47,49.85,49.06,80.98,79.15,76.6,0.0,0.0,85.01
84,44,60,25,647.17,49.94,50.15,49.44,81.74,80.0,77.05,87.93,87.04,83.88
85,44,60,27,648.46,49.61,49.84,49.79,81.57,79.16,76.64,90.47,86.53,84.85
86,44,60,29,648.0,49.97,50.18,49.64,81.31,79.55,76.78,89.83,86.12,84.62
87,44,60,31,651.3,50.99,51.2,49.76,81.68,79.38,76.79,89.95,86.58,84.97
88,44,60,33,650.33,50.6,50.61,49.45,80.47,78.76,76.96,90.5,87.62,85.36
89,44,64,19,644.14,48.01,48.95,49.18,79.33,78.2,76.85,89.87,88.03,85.72
90,44,64,21,598.59,0.0,49.63,49.82,79.53,79.53,76.96,89.02,88.04,86.06
91,44,64,23,649.67,49.81,49.41,49.5,81.81,79.3,77.81,89.23,87.45,85.35
92,44,64,25,651.13,50.58,50.02,50.14,80.8,79.74,77.52,88.43,88.23,85.67
93,44,64,27,651.69,50.49,50.76,49.44,81.76,79.46,77.88,89.4,87.08,85.42
94,44,64,29,601.6,50.37,0.0,49.74,81.0,79.93,77.32,89.64,87.89,85.71
95,44,64,31,652.23,50.49,50.52,49.92,81.11,79.31,77.56,90.04,87.6,85.68
96,44,64,33,570.73,50.99,49.99,49.76,0.0,78.76,77.25,89.9,88.23,85.85
97,44,68,19,645.12,48.08,49.01,48.87,78.36,78.85,77.72,89.07,88.76,86.4
98,44,68,21,568.56,47.63,49.62,49.37,80.63,0.0,77.56,89.13,88.4,86.22
99,44,68,23,650.11,49.43,48.9,49.67,81.07,79.44,78.32,89.49,88.2,85.59
100,44,68,25,653.49,50.12,50.18,50.19,80.65,80.21,78.2,89.76,88.8,85.38
101,44,68,27,650.76,50.58,50.29,49.48,80.88,79.82,77.99,89.04,86.91,85.77
102,44,68,29,654.55,50.01,50.43,50.0,81.01,80.09,78.57,90.39,88.04,86.01
103,44,68,31,572.99,49.54,50.4,49.71,79.34,79.66,0.0,90.21,88.17,85.96
104,44,68,33,648.83,49.77,50.28,49.91,78.29,79.33,78.1,89.22,88.28,85.65
105,46,48,19,622.32,44.27,46.25,46.35,78.75,76.27,73.05,88.87,85.61,82.9
106,46,48,21,628.38,45.92,47.01,46.57,80.21,76.46,73.87,89.42,85.8,83.12
107,46,48,23,630.85,47.64,48.14,46.95,80.44,77.32,74.27,87.76,85.66,82.67
108,46,48,25,548.56,48.39,48.22,47.26,80.96,77.04,74.42,87.57,84.7,0.0
109,46,48,27,632.39,49.52,48.61,47.36,79.49,77.55,74.24,87.25,84.65,83.72
110,46,48,29,634.45,50.31,49.29,47.83,81.33,77.28,74.5,87.61,83.6,82.7
111,46,48,31,637.98,50.68,49.38,48.06,80.78,77.58,74.66,87.77,85.25,83.82
112,46,48,33,641.11,50.83,50.04,48.09,81.31,77.42,75.48,87.91,85.1,84.93
113,46,52,19,628.61,45.33,46.45,47.14,78.61,77.02,74.35,89.72,86.4,83.59
114,46,52,21,633.36,47.27,48.08,47.15,79.05,77.76,74.9,89.17,86.48,83.5
115,46,52,23,548.9,47.91,47.95,47.58,80.94,78.04,74.92,87.95,0.0,83.61
116,46,52,25,638.55,49.5,49.18,48.12,81.0,78.53,75.54,87.29,85.84,83.55
117,46,52,27,640.2,49.46,49.48,48.44,81.24,78.49,75.51,88.18,85.88,83.52
118,46,52,29,642.57,51.63,49.41,48.59,81.49,78.12,75.48,88.27,85.83,83.75
119,46,52,31,592.77,0.0,49.93,48.74,81.78,78.0,75.18,88.84,85.93,84.37
120,46,52,33,644.61,51.77,50.27,48.74,81.21,77.97,75.46,88.21,85.35,85.63
121,46,56,19,556.73,46.32,48.55,47.44,0.0,77.85,75.75,89.61,86.85,84.36
122,46,56,21,639.2,48.09,48.24,48.24,80.26,77.95,75.9,89.62,86.63,84.27
123,46,56,23,640.72,49.23,49.13,48.77,80.42,78.81,76.31,87.94,86.5,83.61
124,46,56,25,641.48,49.22,49.32,48.21,81.29,78.63,76.17,88.44,86.25,83.95
125,46,56,27,643.98,50.37,50.37,48.8,81.26,78.6,76.34,88.61,85.38,84.25
126,46,56,29,645.77,51.45,50.65,49.56,81.57,78.89,76.21,87.48,86.11,83.85
127,46,56,31,647.11,51.36,50.19,48.93,81.49,78.72,76.66,89.73,85.45,84.58
128,46,56,33,599.37,0.0,50.69,49.55,81.7,79.19,76.12,89.98,86.59,85.55
129,46,60,19,565.48,47.96,48.1,48.61,79.49,78.1,0.0,90.07,88.06,85.09
130,46,60,21,558.75,48.93,49.38,48.7,80.63,78.31,76.39,88.98,87.43,0.0
131,46,60,23,597.94,49.47,49.77,0.0,80.98,79.36,76.6,89.66,87.09,85.01
132,46,60,25,646.09,49.94,49.42,49.44,81.74,79.65,77.05,87.93,87.04,83.88
133,46,60,27,648.45,49.61,49.79,49.79,81.57,79.2,76.64,90.47,86.53,84.85
134,46,60,29,647.38,49.97,49.92,49.64,81.31,79.36,76.78,89.83,85.95,84.62
135,46,60,31,650.37,50.99,50.36,49.76,81.68,78.92,76.79,89.95,86.95,84.97
136,46,60,33,651.94,50.6,50.24,49.55,80.72,79.52,77.07,90.5,87.49,86.25
137,46,64,19,644.04,48.01,48.85,49.18,79.33,78.2,76.85,89.87,88.03,85.72
138,46,64,21,646.66,49.13,49.37,49.82,79.53,78.73,76.96,89.02,88.04,86.06
139,46,64,23,571.05,49.81,50.09,49.5,81.81,0.0,77.81,89.23,87.45,85.35
140,46,64,25,600.71,50.58,0.0,50.14,80.8,79.34,77.52,88.43,88.23,85.67
141,46,64,27,651.62,50.49,50.0,49.44,81.76,80.15,77.88,89.4,87.08,85.42
142,46,64,29,652.06,50.37,50.59,49.74,81.0,79.85,77.32,89.64,87.84,85.71
143,46,64,31,652.42,50.49,50.37,49.92,81.11,79.09,77.56,90.04,88.16,85.68
144,46,64,33,520.74,50.99,50.13,0.0,79.65,0.0,77.25,89.42,87.53,85.77
145,46,68,19,645.04,48.08,48.93,48.87,78.36,78.85,77.72,89.07,88.76,86.4
146,46,68,21,559.41,47.63,49.31,49.37,80.63,79.56,77.56,89.13,0.0,86.22
147,46,68,23,651.39,49.43,49.81,49.67,81.07,79.81,78.32,89.49,88.2,85.59
148,46,68,25,653.36,50.12,50.12,50.19,80.65,80.14,78.2,89.76,88.8,85.38
149,46,68,27,651.09,50.58,50.33,49.48,80.88,80.11,77.99,89.04,86.91,85.77
150,46,68,29,654.99,50.01,50.45,50.0,81.01,79.94,78.57,90.39,88.61,86.01
151,46,68,31,650.39,49.54,50.26,49.71,79.34,79.64,78.29,90.21,87.44,85.96
152,46,68,33,649.27,49.71,50.37,49.9,78.47,79.6,77.73,89.16,88.5,85.83
153,48,48,19,463.33,44.27,46.43,46.35,78.75,0.0,73.05,88.87,85.61,0.0
154,48,48,21,628.93,45.92,47.56,46.57,80.21,76.46,73.87,89.42,85.8,83.12
155,48,48,23,629.26,47.64,47.09,46.95,80.44,76.78,74.27,87.76,85.66,82.67
156,48,48,25,632.09,48.39,48.3,47.26,80.96,77.3,74.42,87.57,84.7,83.19
157,48,48,27,554.92,49.52,48.69,47.36,79.49,0.0,74.24,87.25,84.65,83.72
158,48,48,29,636.13,50.31,49.14,47.83,81.33,77.73,74.5,87.61,84.98,82.7
159,48,48,31,471.82,50.43,49.05,47.85,0.0,77.37,74.89,87.45,84.78,0.0
160,48,48,33,643.76,51.65,49.49,48.39,81.44,77.19,76.05,87.29,85.03,87.23
161,48,52,19,628.83,45.33,46.67,47.14,78.61,77.02,74.35,89.72,86.4,83.59
162,48,52,21,632.39,47.27,47.11,47.15,79.05,77.76,74.9,89.17,86.48,83.5
163,48,52,23,634.84,47.91,48.3,47.58,80.94,77.64,74.92,87.95,85.99,83.61
164,48,52,25,551.15,49.5,49.31,48.12,81.0,78.29,75.54,0.0,85.84,83.55
165,48,52,27,640.27,49.46,49.88,48.44,81.24,78.16,75.51,88.18,85.88,83.52
166,48,52,29,557.25,51.63,49.66,48.59,81.49,78.38,75.48,88.27,0.0,83.75
167,48,52,31,645.26,51.05,50.39,48.48,81.54,78.14,75.87,88.74,85.47,85.58
168,48,52,33,647.35,50.55,50.42,48.59,81.94,78.16,76.14,88.22,85.97,87.36
169,48,56,19,545.46,46.32,48.16,47.44,78.73,77.85,75.75,0.0,86.85,84.36
170,48,56,21,638.96,48.09,48.0,48.24,80.26,77.95,75.9,89.62,86.63,84.27
171,48,56,23,561.53,49.23,48.75,48.77,80.42,0.0,76.31,87.94,86.5,83.61
172,48,56,25,642.46,49.22,50.01,48.21,81.29,78.92,76.17,88.44,86.25,83.95
173,48,56,27,643.81,50.37,49.95,48.8,81.26,78.85,76.34,88.61,85.38,84.25
174,48,56,29,645.87,51.45,50.46,49.56,81.57,79.02,76.21,87.48,86.27,83.85
175,48,56,31,648.5,51.36,49.96,49.47,81.64,79.28,76.2,89.19,85.9,85.5
176,48,56,33,650.6,51.66,50.45,49.21,81.99,79.24,76.99,89.14,85.23,86.69
177,48,60,19,563.41,47.96,48.33,48.61,79.49,0.0,75.8,90.07,88.06,85.09
178,48,60,21,643.93,48.93,49.12,48.7,80.63,78.31,76.39,88.98,87.43,85.44
179,48,60,23,645.89,49.47,50.08,49.06,79.6,79.32,76.6,89.66,87.09,85.01
180,48,60,25,645.94,49.94,50.03,49.44,81.74,78.89,77.05,87.93,87.04,83.88
181,48,60,27,567.65,49.61,50.26,49.79,0.0,79.5,76.64,90.47,86.53,84.85
182,48,60,29,647.9,49.97,50.44,49.64,81.31,79.3,76.78,89.83,86.01,84.62
183,48,60,31,652.09,50.99,50.86,49.93,81.61,79.56,77.15,88.97,87.32,85.7
184,48,60,33,652.59,50.92,50.38,49.76,81.3,79.0,77.26,89.79,87.52,86.66
185,48,64,19,643.74,48.01,48.55,49.18,79.33,78.2,76.85,89.87,88.03,85.72
186,48,64,21,646.58,49.13,49.29,49.82,79.53,78.73,76.96,89.02,88.04,86.06
187,48,64,23,570.92,49.81,49.96,49.5,81.81,0.0,77.81,89.23,87.45,85.35
188,48,64,25,651.36,50.58,50.0,50.14,80.8,79.99,77.52,88.43,88.23,85.67
189,48,64,27,651.28,50.49,50.46,49.44,81.76,79.35,77.88,89.4,87.08,85.42
190,48,64,29,651.87,50.37,50.15,49.74,81.0,79.73,77.32,89.64,88.21,85.71
191,48,64,31,602.72,0.0,50.2,49.71,80.34,79.4,77.61,90.55,87.89,87.02
192,48,64,33,652.12,50.15,50.02,49.99,80.38,79.81,77.37,89.77,87.99,86.64
193,48,68,19,645.44,48.08,49.33,48.87,78.36,78.85,77.72,89.07,88.76,86.4
194,48,68,21,567.71,47.63,48.77,49.37,80.63,0.0,77.56,89.13,88.4,86.22
195,48,68,23,651.06,49.43,49.6,49.67,81.07,79.69,78.32,89.49,88.2,85.59
196,48,68,25,483.22,50.12,49.82,50.19,0.0,79.75,78.2,89.76,0.0,85.38
197,48,68,27,650.82,50.58,49.95,49.48,80.88,80.22,77.99,89.04,86.91,85.77
198,48,68,29,654.04,50.01,50.27,50.0,81.01,79.86,78.57,90.39,87.92,86.01
199,48,68,31,651.86,49.99,49.8,49.85,79.37,79.4,78.1,90.75,87.96,86.64
200,48,68,33,650.69,49.49,50.64,49.66,78.62,79.42,78.13,90.1,88.49,86.14
201,50,52,19,629.24,45.33,47.08,47.14,78.61,77.02,74.35,89.72,86.4,83.59
202,50,52,21,632.39,47.27,47.62,47.15,79.05,77.42,74.9,89.0,86.48,83.5
203,50,52,23,635.35,47.91,48.34,47.58,80.94,78.11,74.92,87.95,85.99,83.61
204,50,52,25,638.07,49.5,49.02,48.12,81.0,78.21,75.54,87.29,85.84,83.55
205,50,52,27,564.26,49.46,48.96,48.44,81.24,78.58,0.0,88.18,85.88,83.52
206,50,52,29,644.73,51.63,49.57,48.45,81.03,78.98,76.08,88.4,85.85,84.74
207,50,52,31,568.95,50.81,49.83,48.69,81.62,0.0,76.07,88.38,86.08,87.47
208,50,52,33,647.29,50.81,49.83,48.69,81.62,78.34,76.07,88.38,86.08,87.47
209,50,56,19,635.37,46.32,48.46,47.44,78.73,77.85,75.75,89.61,86.85,84.36
210,50,56,21,639.12,48.09,47.81,48.24,80.26,78.3,75.9,89.62,86.63,84.27
211,50,56,23,640.12,49.23,49.0,48.77,80.42,78.34,76.31,87.94,86.5,83.61
212,50,56,25,642.37,49.22,49.92,48.21,81.29,78.92,76.17,88.44,86.25,83.95
213,50,56,27,643.62,50.37,50.09,48.8,81.26,78.77,76.09,88.61,85.38,84.25
214,50,56,29,647.54,51.45,50.13,49.22,82.01,79.13,76.66,88.48,85.43,85.03
215,50,56,31,650.49,50.3,50.29,49.59,82.34,79.33,76.79,89.06,86.52,86.27
216,50,56,33,650.49,50.3,50.29,49.59,82.34,79.33,76.79,89.06,86.52,86.27
217,50,60,19,642.2,47.96,48.97,48.61,79.49,78.1,75.8,90.07,88.06,85.14
218,50,60,21,644.12,48.93,48.62,48.7,80.63,79.0,76.39,88.98,87.43,85.44
219,50,60,23,646.49,49.47,49.41,49.06,80.98,79.21,76.6,89.66,87.09,85.01
220,50,60,25,645.79,49.94,49.37,49.44,81.74,79.4,77.05,87.93,87.04,83.88
221,50,60,27,648.36,49.61,49.96,49.79,81.57,78.94,76.64,90.47,86.53,84.85
222,50,60,29,571.72,49.97,50.28,49.9,81.4,79.12,0.0,88.5,87.04,85.51
223,50,60,31,651.61,50.84,49.85,49.73,81.5,79.65,77.57,88.73,87.07,86.67
224,50,60,33,651.61,50.84,49.85,49.73,81.5,79.65,77.57,88.73,87.07,86.67
225,50,64,19,643.6,48.01,48.41,49.18,79.33,78.2,76.85,89.87,88.03,85.72
226,50,64,21,568.19,49.13,49.63,49.82,79.53,0.0,76.96,89.02,88.04,86.06
227,50,64,23,650.04,49.81,49.74,49.5,81.81,79.34,77.81,89.23,87.45,85.35
228,50,64,25,651.07,50.58,49.97,50.14,80.8,79.73,77.52,88.43,88.23,85.67
229,50,64,27,564.13,50.49,49.95,49.44,81.76,79.79,77.88,89.4,0.0,85.42
230,50,64,29,652.47,50.32,50.34,50.01,81.25,79.7,77.84,89.71,87.54,85.76
231,50,64,31,653.83,50.8,50.24,49.82,80.73,79.83,77.45,90.48,88.0,86.48
232,50,64,33,653.83,50.8,50.24,49.82,80.73,79.83,77.45,90.48,88.0,86.48
233,50,68,19,644.71,48.08,48.6,48.87,78.36,78.85,77.72,89.07,88.76,86.4
234,50,68,21,646.96,47.63,48.67,49.37,80.63,79.35,77.56,89.13,88.4,86.22
235,50,68,23,651.55,49.43,49.88,49.67,81.07,79.9,78.32,89.49,88.2,85.59
236,50,68,25,563.25,50.12,49.79,50.19,80.65,80.12,78.2,0.0,88.8,85.38
237,50,68,27,561.7,50.58,50.16,49.48,80.88,79.93,77.99,0.0,86.91,85.77
238,50,68,29,561.34,50.01,50.25,49.68,80.02,79.93,78.35,0.0,87.65,85.45
239,50,68,31,653.09,49.66,50.87,50.23,80.46,79.61,77.98,90.33,87.74,86.21
240,50,68,33,654.06,50.63,50.87,50.23,80.46,79.61,77.98,90.33,87.74,86.21
241,52,52,19,629.62,45.33,47.46,47.14,78.61,77.02,74.35,89.72,86.4,83.59
242,52,52,21,633.45,47.27,47.86,47.15,79.05,78.07,74.9,89.17,86.48,83.5
243,52,52,23,557.31,47.91,48.41,47.58,80.94,0.0,74.92,87.95,85.99,83.61
244,52,52,25,638.16,49.5,48.63,48.12,81.0,78.69,75.54,87.29,85.84,83.55
245,52,52,27,592.93,49.46,49.01,0.0,81.31,77.98,75.64,88.22,86.05,85.26
246,52,52,29,646.64,50.15,49.58,48.38,82.05,78.71,76.92,89.14,85.9,85.81
247,52,52,31,598.26,50.15,49.58,0.0,82.05,78.71,76.92,89.14,85.9,85.81
248,52,52,33,646.64,50.15,49.58,48.38,82.05,78.71,76.92,89.14,85.9,85.81
249,52,56,19,634.31,46.32,47.4,47.44,78.73,77.85,75.75,89.61,86.85,84.36
250,52,56,21,638.78,48.09,47.99,48.24,80.26,77.78,75.9,89.62,86.63,84.27
251,52,56,23,640.72,49.23,49.03,48.77,80.42,78.91,76.31,87.94,86.5,83.61
252,52,56,25,641.97,49.22,49.64,48.21,81.29,78.8,76.17,88.44,86.25,83.95
253,52,56,27,646.47,50.37,49.94,48.83,81.52,78.79,76.48,89.53,86.15,84.86
254,52,56,29,649.35,51.41,49.59,48.63,82.03,79.25,76.85,88.87,86.47,86.25
255,52,56,31,649.35,51.41,49.59,48.63,82.03,79.25,76.85,88.87,86.47,86.25
256,52,56,33,648.53,51.41,49.59,48.63,82.03,79.25,76.85,88.87,86.47,85.43
257,52,60,19,641.75,47.96,48.57,48.61,79.49,78.1,75.8,90.07,88.06,85.09
258,52,60,21,644.64,48.93,49.05,48.7,80.63,79.09,76.39,88.98,87.43,85.44
259,52,60,23,647.2,49.47,49.91,49.06,80.98,79.42,76.6,89.66,87.09,85.01
260,52,60,25,646.07,49.94,49.84,49.44,81.74,79.21,77.05,87.93,87.04,83.88
261,52,60,27,647.74,49.61,49.79,49.78,81.46,79.17,77.23,88.88,86.91,84.91
262,52,60,29,652.7,51.36,50.25,49.81,81.88,79.46,77.15,88.94,87.26,86.59
263,52,60,31,652.7,51.36,50.25,49.81,81.88,79.46,77.15,88.94,87.26,86.59
264,52,60,33,563.76,51.36,50.25,49.81,81.88,79.46,77.15,0.0,87.26,86.59
265,52,64,19,644.52,48.01,49.33,49.18,79.33,78.2,76.85,89.87,88.03,85.72
266,52,64,21,646.18,49.13,48.99,49.82,79.53,78.63,76.96,89.02,88.04,86.06
267,52,64,23,649.92,49.81,49.4,49.5,81.81,79.56,77.81,89.23,87.45,85.35
268,52,64,25,599.54,0.0,49.78,50.14,80.8,78.97,77.52,88.43,88.23,85.67
269,52,64,27,604.01,50.49,49.95,0.0,82.15,79.93,77.81,89.4,88.12,86.16
270,52,64,29,604.01,50.35,50.39,0.0,82.49,79.33,77.82,90.28,87.71,85.64
271,52,64,31,563.39,50.35,50.39,49.66,82.49,79.33,77.82,0.0,87.71,85.64
272,52,64,33,653.67,50.35,50.39,49.66,82.49,79.33,77.82,90.28,87.71,85.64
273,52,68,19,645.15,48.08,49.04,48.87,78.36,78.85,77.72,89.07,88.76,86.4
274,52,68,21,647.63,47.63,49.39,49.37,80.63,79.3,77.56,89.13,88.4,86.22
275,52,68,23,562.62,49.43,49.42,49.67,81.07,79.63,78.32,89.49,0.0,85.59
276,52,68,25,603.74,50.12,50.66,0.0,80.65,80.17,78.2,89.76,88.8,85.38
277,52,68,27,653.07,50.58,50.2,49.48,81.21,79.79,78.4,90.08,87.45,85.88
278,52,68,29,652.59,50.29,50.02,49.73,80.41,79.64,78.02,90.28,87.25,86.95
279,52,68,31,652.59,50.29,50.02,49.73,80.41,79.64,78.02,90.28,87.25,86.95
280,52,68,33,652.59,50.29,50.02,49.73,80.41,79.64,78.02,90.28,87.25,86.95
281,54,56,19,635.08,47.19,47.3,47.44,78.73,77.85,75.75,89.61,86.85,84.36
282,54,56,21,640.45,48.09,48.85,48.24,80.26,78.59,75.9,89.62,86.63,84.27
283,54,56,23,640.86,49.23,48.9,48.77,80.42,79.18,76.31,87.94,86.5,83.61
284,54,56,25,642.7,49.22,49.7,48.54,81.24,79.09,76.29,88.86,85.67,84.09
285,54,56,27,646.16,50.7,49.45,48.67,81.42,78.83,76.51,89.46,86.06,85.06
286,54,56,29,646.16,50.7,49.45,48.67,81.42,78.83,76.51,89.46,86.06,85.06
287,54,56,31,561.1,50.7,49.45,48.67,81.42,78.83,76.51,89.46,86.06,0.0
288,54,56,33,646.16,50.7,49.45,48.67,81.42,78.83,76.51,89.46,86.06,85.06
289,54,60,19,641.58,47.96,48.4,48.61,79.49,78.1,75.8,90.07,88.06,85.09
290,54,60,21,479.91,48.93,48.72,48.7,80.63,78.51,0.0,88.98,0.0,85.44
291,54,60,23,597.4,0.0,49.79,49.06,80.98,79.21,76.6,89.66,87.09,85.01
292,54,60,25,562.52,49.94,50.38,49.0,81.21,79.75,77.04,89.07,86.13,0.0
293,54,60,27,651.91,51.38,50.32,49.21,81.33,78.98,77.61,89.62,87.18,86.28
294,54,60,29,651.91,51.38,50.32,49.21,81.33,78.98,77.61,89.62,87.18,86.28
295,54,60,31,601.59,51.38,0.0,49.21,81.33,78.98,77.61,89.62,87.18,86.28
296,54,60,33,651.91,51.38,50.32,49.21,81.33,78.98,77.61,89.62,87.18,86.28
297,54,64,19,643.9,48.01,48.71,49.18,79.33,78.2,76.85,89.87,88.03,85.72
298,54,64,21,647.23,49.13,49.21,49.82,79.53,79.46,76.96,89.02,88.04,86.06
299,54,64,23,515.4,49.81,49.82,0.0,81.81,79.47,77.81,89.23,87.45,0.0
300,54,64,25,650.52,50.58,50.58,50.01,80.74,79.64,77.54,89.24,86.65,85.54
301,54,64,27,653.24,51.01,50.07,49.74,81.54,79.9,77.93,89.3,87.16,86.59
302,54,64,29,652.87,51.01,49.7,49.74,81.54,79.9,77.93,89.3,87.16,86.59
303,54,64,31,653.24,51.01,50.07,49.74,81.54,79.9,77.93,89.3,87.16,86.59
304,54,64,33,653.24,51.01,50.07,49.74,81.54,79.9,77.93,89.3,87.16,86.59
305,54,68,19,644.8,48.08,48.69,48.87,78.36,78.85,77.72,89.07,88.76,86.4
306,54,68,21,647.62,47.63,48.87,49.37,80.63,79.81,77.56,89.13,88.4,86.22
307,54,68,23,651.82,49.43,50.09,49.67,81.07,79.96,78.32,89.49,88.2,85.59
308,54,68,25,652.06,50.12,49.9,49.73,80.75,80.13,78.22,89.56,87.82,85.83
309,54,68,27,653.7,49.9,49.88,49.64,81.72,79.62,78.3,90.05,88.74,85.85
310,54,68,29,653.7,49.9,49.88,49.64,81.72,79.62,78.3,90.05,88.74,85.85
311,54,68,31,564.96,49.9,49.88,49.64,81.72,79.62,78.3,90.05,0.0,85.85
312,54,68,33,653.7,49.9,49.88,49.64,81.72,79.62,78.3,90.05,88.74,85.85
313,56,56,19,634.9,46.32,47.99,47.44,78.73,77.85,75.75,89.61,86.85,84.36
314,56,56,21,639.87,48.09,48.55,48.24,80.26,78.31,75.9,89.62,86.63,84.27
315,56,56,23,643.34,49.23,49.46,48.56,81.51,78.46,76.28,88.29,86.94,84.61
316,56,56,25,558.44,49.25,49.03,48.58,80.75,78.84,76.51,88.49,86.99,0.0
317,56,56,27,643.91,49.25,49.03,48.58,80.75,78.84,76.51,88.49,86.99,85.47
318,56,56,29,643.91,49.25,49.03,48.58,80.75,78.84,76.51,88.49,86.99,85.47
319,56,56,31,643.91,49.25,49.03,48.58,80.75,78.84,76.51,88.49,86.99,85.47
320,56,56,33,643.91,49.25,49.03,48.58,80.75,78.84,76.51,88.49,86.99,85.47
321,56,60,19,641.22,47.96,48.04,48.61,79.49,78.1,75.8,90.07,88.06,85.09
322,56,60,21,644.7,48.93,49.24,48.7,80.63,78.96,76.39,88.98,87.43,85.44
323,56,60,23,519.52,0.0,49.5,49.39,79.58,79.02,0.0,89.55,87.15,85.33
324,56,60,25,650.54,50.21,49.89,49.12,81.17,79.63,76.86,89.64,87.77,86.25
325,56,60,27,650.54,50.21,49.89,49.12,81.17,79.63,76.86,89.64,87.77,86.25
326,56,60,29,650.54,50.21,49.89,49.12,81.17,79.63,76.86,89.64,87.77,86.25
327,56,60,31,650.54,50.21,49.89,49.12,81.17,79.63,76.86,89.64,87.77,86.25
328,56,60,33,650.54,50.21,49.89,49.12,81.17,79.63,76.86,89.64,87.77,86.25
329,56,64,19,643.46,48.01,48.27,49.18,79.33,78.2,76.85,89.87,88.03,85.72
330,56,64,21,647.04,49.13,49.52,49.82,79.53,78.96,76.96,89.02,88.04,86.06
331,56,64,23,562.65,49.81,49.44,49.67,80.5,79.66,77.61,88.68,87.28,0.0
332,56,64,25,650.41,50.12,49.06,49.52,80.69,79.18,77.66,90.01,87.79,86.38
333,56,64,27,571.23,50.12,49.06,49.52,80.69,0.0,77.66,90.01,87.79,86.38
334,56,64,29,600.29,0.0,49.06,49.52,80.69,79.18,77.66,90.01,87.79,86.38
335,56,64,31,650.41,50.12,49.06,49.52,80.69,79.18,77.66,90.01,87.79,86.38
336,56,64,33,569.72,50.12,49.06,49.52,0.0,79.18,77.66,90.01,87.79,86.38
337,56,68,19,644.85,48.08,48.74,48.87,78.36,78.85,77.72,89.07,88.76,86.4
338,56,68,21,647.2,47.63,49.04,49.37,80.63,79.22,77.56,89.13,88.4,86.22
339,56,68,23,651.47,49.43,49.77,49.8,81.26,79.7,78.31,89.7,87.28,86.22
340,56,68,25,651.13,49.66,49.92,49.64,80.33,79.96,77.76,89.47,88.1,86.29
341,56,68,27,651.13,49.66,49.92,49.64,80.33,79.96,77.76,89.47,88.1,86.29
342,56,68,29,651.13,49.66,49.92,49.64,80.33,79.96,77.76,89.47,88.1,86.29
343,56,68,31,564.84,49.66,49.92,49.64,80.33,79.96,77.76,89.47,88.1,0.0
344,56,68,33,651.13,49.66,49.92,49.64,80.33,79.96,77.76,89.47,88.1,86.29
345,58,60,19,565.75,47.96,48.37,48.61,79.49,78.1,0.0,90.07,88.06,85.09
346,58,60,21,645.02,48.93,48.87,48.76,80.05,79.2,76.43,89.8,87.69,85.29
347,58,60,23,648.59,48.65,48.84,49.18,81.18,79.07,77.09,90.41,88.08,86.09
348,58,60,25,648.59,48.65,48.84,49.18,81.18,79.07,77.09,90.41,88.08,86.09
349,58,60,27,648.59,48.65,48.84,49.18,81.18,79.07,77.09,90.41,88.08,86.09
350,58,60,29,648.59,48.65,48.84,49.18,81.18,79.07,77.09,90.41,88.08,86.09
351,58,60,31,648.59,48.65,48.84,49.18,81.18,79.07,77.09,90.41,88.08,86.09
352,58,60,33,571.5,48.65,48.84,49.18,81.18,79.07,0.0,90.41,88.08,86.09
353,58,64,19,643.8,48.01,48.61,49.18,79.33,78.2,76.85,89.87,88.03,85.72
354,58,64,21,647.66,49.13,49.13,49.89,80.41,79.12,77.11,88.9,88.09,85.88
355,58,64,23,649.93,49.7,49.61,49.32,80.7,79.24,77.31,89.52,88.03,86.5
356,58,64,25,600.23,0.0,49.61,49.32,80.7,79.24,77.31,89.52,88.03,86.5
357,58,64,27,649.93,49.7,49.61,49.32,80.7,79.24,77.31,89.52,88.03,86.5
358,58,64,29,649.93,49.7,49.61,49.32,80.7,79.24,77.31,89.52,88.03,86.5
359,58,64,31,649.93,49.7,49.61,49.32,80.7,79.24,77.31,89.52,88.03,86.5
360,58,64,33,569.23,49.7,49.61,49.32,0.0,79.24,77.31,89.52,88.03,86.5
361,58,68,19,644.77,48.08,48.66,48.87,78.36,78.85,77.72,89.07,88.76,86.4
362,58,68,21,648.56,47.63,48.89,49.38,80.29,79.84,77.86,89.67,88.58,86.42
363,58,68,23,651.13,48.32,49.6,49.66,80.51,79.85,77.96,90.06,88.79,86.38
364,58,68,25,651.13,48.32,49.6,49.66,80.51,79.85,77.96,90.06,88.79,86.38
365,58,68,27,570.62,48.32,49.6,49.66,0.0,79.85,77.96,90.06,88.79,86.38
366,58,68,29,651.13,48.32,49.6,49.66,80.51,79.85,77.96,90.06,88.79,86.38
367,58,68,31,651.13,48.32,49.6,49.66,80.51,79.85,77.96,90.06,88.79,86.38
368,58,68,33,651.13,48.32,49.6,49.66,80.51,79.85,77.96,90.06,88.79,86.38
369,60,60,19,643.12,47.96,48.37,48.69,79.78,78.22,76.44,90.15,88.18,85.33
370,60,60,21,643.91,47.57,48.68,48.52,80.12,78.66,76.33,90.53,87.84,85.66
371,60,60,23,643.91,47.57,48.68,48.52,80.12,78.66,76.33,90.53,87.84,85.66
372,60,60,25,596.34,0.0,48.68,48.52,80.12,78.66,76.33,90.53,87.84,85.66
373,60,60,27,643.91,47.57,48.68,48.52,80.12,78.66,76.33,90.53,87.84,85.66
374,60,60,29,643.91,47.57,48.68,48.52,80.12,78.66,76.33,90.53,87.84,85.66
375,60,60,31,643.91,47.57,48.68,48.52,80.12,78.66,76.33,90.53,87.84,85.66
376,60,60,33,643.91,47.57,48.68,48.52,80.12,78.66,76.33,90.53,87.84,85.66
377,60,64,19,643.84,48.01,48.61,48.97,78.66,78.36,76.54,90.64,88.23,85.82
378,60,64,21,648.53,47.85,48.83,49.35,80.63,79.08,77.2,90.26,88.76,86.57
379,60,64,23,561.96,47.85,48.83,49.35,80.63,79.08,77.2,90.26,88.76,0.0
380,60,64,25,558.27,47.85,48.83,49.35,80.63,79.08,77.2,0.0,88.76,86.57
381,60,64,27,648.53,47.85,48.83,49.35,80.63,79.08,77.2,90.26,88.76,86.57
382,60,64,29,648.53,47.85,48.83,49.35,80.63,79.08,77.2,90.26,88.76,86.57
383,60,64,31,648.53,47.85,48.83,49.35,80.63,79.08,77.2,90.26,88.76,86.57
384,60,64,33,648.53,47.85,48.83,49.35,80.63,79.08,77.2,90.26,88.76,86.57
385,60,68,19,567.17,48.08,48.66,49.59,78.36,78.68,0.0,89.28,88.46,86.06
386,60,68,21,650.23,48.81,48.68,48.87,81.14,79.02,77.74,90.57,88.59,86.81
387,60,68,23,650.23,48.81,48.68,48.87,81.14,79.02,77.74,90.57,88.59,86.81
388,60,68,25,650.23,48.81,48.68,48.87,81.14,79.02,77.74,90.57,88.59,86.81
389,60,68,27,650.23,48.81,48.68,48.87,81.14,79.02,77.74,90.57,88.59,86.81
390,60,68,29,650.23,48.81,48.68,48.87,81.14,79.02,77.74,90.57,88.59,86.81
391,60,68,31,650.23,48.81,48.68,48.87,81.14,79.02,77.74,90.57,88.59,86.81
392,60,68,33,650.23,48.81,48.68,48.87,81.14,79.02,77.74,90.57,88.59,86.81
393,62,64,19,643.25,47.38,48.7,48.22,78.7,78.23,76.32,90.99,88.67,86.04
394,62,64,21,595.87,0.0,48.7,48.22,78.7,78.23,76.32,90.99,88.67,86.04
395,62,64,23,643.25,47.38,48.7,48.22,78.7,78.23,76.32,90.99,88.67,86.04
396,62,64,25,595.87,0.0,48.7,48.22,78.7,78.23,76.32,90.99,88.67,86.04
397,62,64,27,643.25,47.38,48.7,48.22,78.7,78.23,76.32,90.99,88.67,86.04
398,62,64,29,643.25,47.38,48.7,48.22,78.7,78.23,76.32,90.99,88.67,86.04
399,62,64,31,643.25,47.38,48.7,48.22,78.7,78.23,76.32,90.99,88.67,86.04
400,62,64,33,643.25,47.38,48.7,48.22,78.7,78.23,76.32,90.99,88.67,86.04
401,62,68,19,646.85,49.35,48.08,48.9,79.33,78.47,77.19,90.71,88.63,86.19
402,62,68,21,646.85,49.35,48.08,48.9,79.33,78.47,77.19,90.71,88.63,86.19
403,62,68,23,646.85,49.35,48.08,48.9,79.33,78.47,77.19,90.71,88.63,86.19
404,62,68,25,597.95,49.35,48.08,0.0,79.33,78.47,77.19,90.71,88.63,86.19
405,62,68,27,646.85,49.35,48.08,48.9,79.33,78.47,77.19,90.71,88.63,86.19
406,62,68,29,646.85,49.35,48.08,48.9,79.33,78.47,77.19,90.71,88.63,86.19
407,62,68,31,646.85,49.35,48.08,48.9,79.33,78.47,77.19,90.71,88.63,86.19
408,62,68,33,646.85,49.35,48.08,48.9,79.33,78.47,77.19,90.71,88.63,86.19
409,64,64,19,627.51,46.18,47.42,47.82,78.9,76.66,74.68,88.3,85.12,82.43
410,64,64,21,627.51,46.18,47.42,47.82,78.9,76.66,74.68,88.3,85.12,82.43
411,64,64,23,580.09,46.18,0.0,47.82,78.9,76.66,74.68,88.3,85.12,82.43
412,64,64,25,627.51,46.18,47.42,47.82,78.9,76.66,74.68,88.3,85.12,82.43
413,64,64,27,627.51,46.18,47.42,47.82,78.9,76.66,74.68,88.3,85.12,82.43
414,64,64,29,580.09,46.18,0.0,47.82,78.9,76.66,74.68,88.3,85.12,82.43
415,64,64,31,627.51,46.18,47.42,47.82,78.9,76.66,74.68,88.3,85.12,82.43
416,64,64,33,627.51,46.18,47.42,47.82,78.9,76.66,74.68,88.3,85.12,82.43
417,64,68,19,625.93,45.66,47.41,48.14,77.89,76.59,74.21,88.76,84.73,82.54
418,64,68,21,625.93,45.66,47.41,48.14,77.89,76.59,74.21,88.76,84.73,82.54
419,64,68,23,548.04,45.66,47.41,48.14,0.0,76.59,74.21,88.76,84.73,82.54
420,64,68,25,625.93,45.66,47.41,48.14,77.89,76.59,74.21,88.76,84.73,82.54
421,64,68,27,551.72,45.66,47.41,48.14,77.89,76.59,0.0,88.76,84.73,82.54
422,64,68,29,625.93,45.66,47.41,48.14,77.89,76.59,74.21,88.76,84.73,82.54
423,64,68,31,578.52,45.66,0.0,48.14,77.89,76.59,74.21,88.76,84.73,82.54
424,64,68,33,625.93,45.66,47.41,48.14,77.89,76.59,74.21,88.76,84.73,82.54
